id;nom;prenom;telephone;position;date_gain;date_payment
1;Buckinghamshire Future-proofed deposit;Quality;359.816.3712;92469;2019-07-23T06:46:26;2019-07-22T22:42:46
2;Enhanced deposit parsing;Borders content-based;098.598.6132 x37788;85632;2019-07-22T22:28:44;2019-07-23T10:03:38
3;THX bypassing Marketing;Dynamic Home Loan Account Tools;1-969-021-3546;44842;2019-07-23T04:07:18;2019-07-22T19:54:07
4;Fish;Networked;1-173-678-7635;54254;2019-07-23T17:31:14;2019-07-23T07:33:26
5;withdrawal Ergonomic;Strategist target;(964) 735-6564 x81274;28077;2019-07-23T06:02:26;2019-07-23T19:11:06
6;deposit Chips Applications;uniform PCI back up;934.595.9980 x23318;26847;2019-07-23T12:09:45;2019-07-23T08:07:19
7;mesh;Configuration UIC-Franc;002.669.3125 x283;74076;2019-07-22T23:24:03;2019-07-23T03:02:26
8;Sudanese Pound;France protocol;828-690-5056 x716;7094;2019-07-23T02:55:18;2019-07-23T10:14:45
9;Unbranded Fresh Pants Tools California;North Dakota Garden;(159) 285-8020 x083;36019;2019-07-23T06:52:44;2019-07-23T16:43:09
10;South Georgia and the South Sandwich Islands;composite Orchestrator Club;015-456-6171 x99573;4106;2019-07-23T00:41:04;2019-07-23T10:11:49
